| Instвncia    |  Algoritmo         |  Tempo de execuзгo (s)                           |  Uso de memуria (MB)              |  Qualidade da soluзгo                           |
|--------------|--------------------|--------------------------------------------------|-----------------------------------|-------------------------------------------------|-------------|--------------------|-----------------------------------------------|--------------------------------|-----------------------------------------------|
| a10.tsp      |  twice_around_tree |  Tempo de execuo: 0.0010008811950683594 segundos | Uso de memria: 0.0703125 MB       | Qualidade da soluo (distncia total): 3439.0     |
|--------------|--------------------|--------------------------------------------------|-----------------------------------|-------------------------------------------------|-------------|--------------------|-----------------------------------------------|--------------------------------|-----------------------------------------------|
| a10.tsp      |  christofides      |  Tempo de execuo: 0.0020024776458740234 segundos |  Uso de memria: 0.1015625 MB      |  Qualidade da soluo (distncia total): 2900.0    |
|--------------|--------------------|--------------------------------------------------|-----------------------------------|-------------------------------------------------|-------------|--------------------|-----------------------------------------------|--------------------------------|-----------------------------------------------|
| a10.tsp      |  branch_and_bound  |  Tempo de execuo: 7.4109766483306885 segundos    |  Uso de memria: 2.4140625 MB      |  Qualidade da soluo (distncia total): 2160.0    |
|--------------|--------------------|--------------------------------------------------|-----------------------------------|-------------------------------------------------|-------------|--------------------|-----------------------------------------------|--------------------------------|-----------------------------------------------|
| b15.tsp      |  twice_around_tree |  Tempo de execuo: 0.002002239227294922 segundos  |  Uso de memria: 0.09375 MB        |  Qualidade da soluo (distncia total): 3345.0    |
|--------------|--------------------|--------------------------------------------------|-----------------------------------|-------------------------------------------------|-------------|--------------------|-----------------------------------------------|--------------------------------|-----------------------------------------------|
| b15.tsp      |  christofides      |  Tempo de execuo: 0.008352041244506836 segundos  |  Uso de memria: 0.125 MB          |  Qualidade da soluo (distncia total): 2782.0    |
|--------------|--------------------|--------------------------------------------------|-----------------------------------|-------------------------------------------------|-------------|--------------------|-----------------------------------------------|--------------------------------|-----------------------------------------------|
| b15.tsp      |  branch_and_bound  |  Timeout                                         |  1                                |
|--------------|--------------------|--------------------------------------------------|-----------------------------------|-------------------------------------------------|-------------|--------------------|-----------------------------------------------|--------------------------------|-----------------------------------------------|
| a20.tsp      |  twice_around_tree |  Tempo de execuo: 0.0 segundos                   |  Uso de memria: 0.125 MB          |  Qualidade da soluo (distncia total): 3488.0    |
|--------------|--------------------|--------------------------------------------------|-----------------------------------|-------------------------------------------------|-------------|--------------------|-----------------------------------------------|--------------------------------|-----------------------------------------------|
| a20.tsp      |  christofides      |  Tempo de execuo: 0.0 segundos                   |  Uso de memria: 0.17578125 MB     |  Qualidade da soluo (distncia total): 3236.0    |
|--------------|--------------------|--------------------------------------------------|-----------------------------------|-------------------------------------------------|-------------|--------------------|-----------------------------------------------|--------------------------------|-----------------------------------------------|
| a30.tsp      |  twice_around_tree |  Tempo de execuo: 0.0 segundos                   |  Uso de memria: 0.171875 MB       |  Qualidade da soluo (distncia total): 4364.0    |
|--------------|--------------------|--------------------------------------------------|-----------------------------------|-------------------------------------------------|-------------|--------------------|-----------------------------------------------|--------------------------------|-----------------------------------------------|
| a30.tsp      |  christofides      |  Tempo de execuo: 0.0 segundos                   |  Uso de memria: 0.2421875 MB      |  Qualidade da soluo (distncia total): 3844.0    |
|--------------|--------------------|--------------------------------------------------|-----------------------------------|-------------------------------------------------|-------------|--------------------|-----------------------------------------------|--------------------------------|-----------------------------------------------|
| eil51.tsp    |  twice_around_tree |  Tempo de execuo: 0.01564621925354004 segundos   |  Uso de memria: 0.64453125 MB     |  Qualidade da soluo (distncia total): 584.0     |
|--------------|--------------------|--------------------------------------------------|-----------------------------------|-------------------------------------------------|-------------|--------------------|-----------------------------------------------|--------------------------------|-----------------------------------------------|
| eil51.tsp    |  christofides      |  Tempo de execuo: 0.025173187255859375 segundos  |  Uso de memria: 0.69921875 MB     |  Qualidade da soluo (distncia total): 462.0     |
|--------------|--------------------|--------------------------------------------------|-----------------------------------|-------------------------------------------------|-------------|--------------------|-----------------------------------------------|--------------------------------|-----------------------------------------------|
| berlin52.tsp |  twice_around_tree |  Tempo de execuo: 0.0 segundos                   |  Uso de memria: 0.62109375 MB     |  Qualidade da soluo (distncia total): 10114.0   |
|--------------|--------------------|--------------------------------------------------|-----------------------------------|-------------------------------------------------|-------------|--------------------|-----------------------------------------------|--------------------------------|-----------------------------------------------|
| berlin52.tsp |  christofides      |  Tempo de execuo: 0.015623331069946289 segundos  |  Uso de memria: 0.69921875 MB     |  Qualidade da soluo (distncia total): 8591.0    |
|--------------|--------------------|--------------------------------------------------|-----------------------------------|-------------------------------------------------|-------------|--------------------|-----------------------------------------------|--------------------------------|-----------------------------------------------|
| st70.tsp     |  twice_around_tree |  Tempo de execuo: 0.015634536743164062 segundos  |  Uso de memria: 1.02734375 MB     |  Qualidade da soluo (distncia total): 888.0     |
|--------------|--------------------|--------------------------------------------------|-----------------------------------|-------------------------------------------------|-------------|--------------------|-----------------------------------------------|--------------------------------|-----------------------------------------------|
| st70.tsp     |  christofides      |  Tempo de execuo: 0.07812905311584473 segundos   |  Uso de memria: 1.20703125 MB     |  Qualidade da soluo (distncia total): 770.0     |
|--------------|--------------------|--------------------------------------------------|-----------------------------------|-------------------------------------------------|-------------|--------------------|-----------------------------------------------|--------------------------------|-----------------------------------------------|
| eil76.tsp    |  twice_around_tree |  Tempo de execuo: 0.01563286781311035 segundos   |  Uso de memria: 1.1875 MB         |  Qualidade da soluo (distncia total): 696.0     |
|--------------|--------------------|--------------------------------------------------|-----------------------------------|-------------------------------------------------|-------------|--------------------|-----------------------------------------------|--------------------------------|-----------------------------------------------|
| eil76.tsp    |  christofides      |  Tempo de execuo: 0.09377479553222656 segundos   |  Uso de memria: 1.39453125 MB     |  Qualidade da soluo (distncia total): 608.0     |
|--------------|--------------------|--------------------------------------------------|-----------------------------------|-------------------------------------------------|-------------|--------------------|-----------------------------------------------|--------------------------------|-----------------------------------------------|
| pr76.tsp     |  twice_around_tree |  Tempo de execuo: 0.023123979568481445 segundos  |  Uso de memria: 1.16015625 MB     |  Qualidade da soluo (distncia total): 145336.0  |
|--------------|--------------------|--------------------------------------------------|-----------------------------------|-------------------------------------------------|-------------|--------------------|-----------------------------------------------|--------------------------------|-----------------------------------------------|
| pr76.tsp     |  christofides      |  Tempo de execuo: 0.05324840545654297 segundos   |  Uso de memria: 1.18359375 MB     |  Qualidade da soluo (distncia total): 116684.0  |
|--------------|--------------------|--------------------------------------------------|-----------------------------------|-------------------------------------------------|-------------|--------------------|-----------------------------------------------|--------------------------------|-----------------------------------------------|
| rat99.tsp    |  twice_around_tree |  Tempo de execuo: 0.031224966049194336 segundos  |  Uso de memria: 1.97265625 MB     |  Qualidade da soluo (distncia total): 1693.0    |
|--------------|--------------------|--------------------------------------------------|-----------------------------------|-------------------------------------------------|-------------|--------------------|-----------------------------------------------|--------------------------------|-----------------------------------------------|
| rat99.tsp    |  christofides      |  Tempo de execuo: 0.10937356948852539 segundos   |  Uso de memria: 2.2109375 MB      |  Qualidade da soluo (distncia total): 1393.0    |
|--------------|--------------------|--------------------------------------------------|-----------------------------------|-------------------------------------------------|-------------|--------------------|-----------------------------------------------|--------------------------------|-----------------------------------------------|
| kroA100.tsp  |  twice_around_tree |  Tempo de execuo: 0.04688525199890137 segundos   |  Uso de memria: 1.9765625 MB      |  Qualidade da soluo (distncia total): 27210.0   |
|--------------|--------------------|--------------------------------------------------|-----------------------------------|-------------------------------------------------|-------------|--------------------|-----------------------------------------------|--------------------------------|-----------------------------------------------|
| kroA100.tsp  |  christofides      |  Tempo de execuo: 0.11221051216125488 segundos   |  Uso de memria: 2.52734375 MB     |  Qualidade da soluo (distncia total): 23293.0   |
|--------------|--------------------|--------------------------------------------------|-----------------------------------|-------------------------------------------------|-------------|--------------------|-----------------------------------------------|--------------------------------|-----------------------------------------------|
| kroB100.tsp  |  twice_around_tree |  Tempo de execuo: 0.02106499671936035 segundos   |  Uso de memria: 2.02734375 MB     |  Qualidade da soluo (distncia total): 25885.0   |
|--------------|--------------------|--------------------------------------------------|-----------------------------------|-------------------------------------------------|-------------|--------------------|-----------------------------------------------|--------------------------------|-----------------------------------------------|
| kroB100.tsp  |  christofides      |  Tempo de execuo: 0.10147333145141602 segundos   |  Uso de memria: 2.3125 MB         |  Qualidade da soluo (distncia total): 24012.0   |
|--------------|--------------------|--------------------------------------------------|-----------------------------------|-------------------------------------------------|-------------|--------------------|-----------------------------------------------|--------------------------------|-----------------------------------------------|
| kroC100.tsp  |  twice_around_tree |  Tempo de execuo: 0.04722785949707031 segundos   |  Uso de memria: 1.99609375 MB     |  Qualidade da soluo (distncia total): 27968.0   |
|--------------|--------------------|--------------------------------------------------|-----------------------------------|-------------------------------------------------|-------------|--------------------|-----------------------------------------------|--------------------------------|-----------------------------------------------|
| kroC100.tsp  |  christofides      |  Tempo de execuo: 0.11702179908752441 segundos   |  Uso de memria: 2.3203125 MB      |  Qualidade da soluo (distncia total): 23470.0   |
|--------------|--------------------|--------------------------------------------------|-----------------------------------|-------------------------------------------------|-------------|--------------------|-----------------------------------------------|--------------------------------|-----------------------------------------------|
| kroD100.tsp  |  twice_around_tree |  Tempo de execuo: 0.0502467155456543 segundos    |  Uso de memria: 1.9453125 MB      |  Qualidade da soluo (distncia total): 27112.0   |
|--------------|--------------------|--------------------------------------------------|-----------------------------------|-------------------------------------------------|-------------|--------------------|-----------------------------------------------|--------------------------------|-----------------------------------------------|
| kroD100.tsp  |  christofides      |  Tempo de execuo: 0.125 segundos                 |  Uso de memria: 2.37890625 MB     |  Qualidade da soluo (distncia total): 23583.0   |
|--------------|--------------------|--------------------------------------------------|-----------------------------------|-------------------------------------------------|-------------|--------------------|-----------------------------------------------|--------------------------------|-----------------------------------------------|
| kroE100.tsp  |  twice_around_tree |  Tempo de execuo: 0.03125333786010742 segundos   |  Uso de memria: 2.08984375 MB     |  Qualidade da soluo (distncia total): 29965.0   |
|--------------|--------------------|--------------------------------------------------|-----------------------------------|-------------------------------------------------|-------------|--------------------|-----------------------------------------------|--------------------------------|-----------------------------------------------|
| kroE100.tsp  |  christofides      |  Tempo de execuo: 0.125 segundos                 |  Uso de memria: 2.4921875 MB      |  Qualidade da soluo (distncia total): 23783.0   |
|--------------|--------------------|--------------------------------------------------|-----------------------------------|-------------------------------------------------|-------------|--------------------|-----------------------------------------------|--------------------------------|-----------------------------------------------|
| rd100.tsp    |  twice_around_tree |  Tempo de execuo: 0.03124523162841797 segundos   |  Uso de memria: 2.109375 MB       |  Qualidade da soluo (distncia total): 10790.0   |
|--------------|--------------------|--------------------------------------------------|-----------------------------------|-------------------------------------------------|-------------|--------------------|-----------------------------------------------|--------------------------------|-----------------------------------------------|
| rd100.tsp    |  christofides      |  Tempo de execuo: 0.21506190299987793 segundos   |  Uso de memria: 2.52734375 MB     |  Qualidade da soluo (distncia total): 8906.0    |
|--------------|--------------------|--------------------------------------------------|-----------------------------------|-------------------------------------------------|-------------|--------------------|-----------------------------------------------|--------------------------------|-----------------------------------------------|
| eil101.tsp   |  twice_around_tree |  Tempo de execuo: 0.03126025199890137 segundos   |  Uso de memria: 1.953125 MB       |  Qualidade da soluo (distncia total): 830.0     |
|--------------|--------------------|--------------------------------------------------|-----------------------------------|-------------------------------------------------|-------------|--------------------|-----------------------------------------------|--------------------------------|-----------------------------------------------|
| eil101.tsp   |  christofides      |  Tempo de execuo: 0.1562497615814209 segundos    |  Uso de memria: 2.45703125 MB     |  Qualidade da soluo (distncia total): 707.0     |
|--------------|--------------------|--------------------------------------------------|-----------------------------------|-------------------------------------------------|-------------|--------------------|-----------------------------------------------|--------------------------------|-----------------------------------------------|
| lin105.tsp   |  twice_around_tree |  Tempo de execuo: 0.046889543533325195 segundos  |  Uso de memria: 2.26953125 MB     |  Qualidade da soluo (distncia total): 19495.0   |
|--------------|--------------------|--------------------------------------------------|-----------------------------------|-------------------------------------------------|-------------|--------------------|-----------------------------------------------|--------------------------------|-----------------------------------------------|
| lin105.tsp   |  christofides      |  Tempo de execuo: 0.1305861473083496 segundos    |  Uso de memria: 2.48828125 MB     |  Qualidade da soluo (distncia total): 16320.0   |
|--------------|--------------------|--------------------------------------------------|-----------------------------------|-------------------------------------------------|-------------|--------------------|-----------------------------------------------|--------------------------------|-----------------------------------------------|
| pr107.tsp    |  twice_around_tree |  Tempo de execuo: 0.03731369972229004 segundos   |  Uso de memria: 2.2421875 MB      |  Qualidade da soluo (distncia total): 54237.0   |
|--------------|--------------------|--------------------------------------------------|-----------------------------------|-------------------------------------------------|-------------|--------------------|-----------------------------------------------|--------------------------------|-----------------------------------------------|
| pr107.tsp    |  christofides      |  Tempo de execuo: 0.14888906478881836 segundos   |  Uso de memria: 2.546875 MB       |  Qualidade da soluo (distncia total): 47891.0   |
|--------------|--------------------|--------------------------------------------------|-----------------------------------|-------------------------------------------------|-------------|--------------------|-----------------------------------------------|--------------------------------|-----------------------------------------------|
| pr124.tsp    |  twice_around_tree |  Tempo de execuo: 0.06041884422302246 segundos   |  Uso de memria: 2.99609375 MB     |  Qualidade da soluo (distncia total): 74139.0   |
|--------------|--------------------|--------------------------------------------------|-----------------------------------|-------------------------------------------------|-------------|--------------------|-----------------------------------------------|--------------------------------|-----------------------------------------------|
| pr124.tsp    |  christofides      |  Tempo de execuo: 0.09374403953552246 segundos   |  Uso de memria: 3.2734375 MB      |  Qualidade da soluo (distncia total): 64438.0   |
|--------------|--------------------|--------------------------------------------------|-----------------------------------|-------------------------------------------------|-------------|--------------------|-----------------------------------------------|--------------------------------|-----------------------------------------------|
| bier127.tsp  |  twice_around_tree |  Tempo de execuo: 0.08053755760192871 segundos   |  Uso de memria: 3.0859375 MB      |  Qualidade da soluo (distncia total): 158626.0  |
|--------------|--------------------|--------------------------------------------------|-----------------------------------|-------------------------------------------------|-------------|--------------------|-----------------------------------------------|--------------------------------|-----------------------------------------------|
| bier127.tsp  |  christofides      |  Tempo de execuo: 0.41927337646484375 segundos   |  Uso de memria: 3.65234375 MB     |  Qualidade da soluo (distncia total): 132448.0  |
|--------------|--------------------|--------------------------------------------------|-----------------------------------|-------------------------------------------------|-------------|--------------------|-----------------------------------------------|--------------------------------|-----------------------------------------------|
| ch130.tsp    |  twice_around_tree |  Tempo de execuo: 0.06435394287109375 segundos   |  Uso de memria: 3.1796875 MB      |  Qualidade da soluo (distncia total): 8129.0    |
|--------------|--------------------|--------------------------------------------------|-----------------------------------|-------------------------------------------------|-------------|--------------------|-----------------------------------------------|--------------------------------|-----------------------------------------------|
| ch130.tsp    |  christofides      |  Tempo de execuo: 0.25789308547973633 segundos   |  Uso de memria: 3.3203125 MB      |  Qualidade da soluo (distncia total): 6773.0    |
|--------------|--------------------|--------------------------------------------------|-----------------------------------|-------------------------------------------------|-------------|--------------------|-----------------------------------------------|--------------------------------|-----------------------------------------------|
| pr136.tsp    |  twice_around_tree |  Tempo de execuo: 0.09372568130493164 segundos   |  Uso de memria: 3.640625 MB       |  Qualidade da soluo (distncia total): 151904.0  |
|--------------|--------------------|--------------------------------------------------|-----------------------------------|-------------------------------------------------|-------------|--------------------|-----------------------------------------------|--------------------------------|-----------------------------------------------|
| pr136.tsp    |  christofides      |  Tempo de execuo: 0.11495089530944824 segundos   |  Uso de memria: 3.7734375 MB      |  Qualidade da soluo (distncia total): 103771.0  |
|--------------|--------------------|--------------------------------------------------|-----------------------------------|-------------------------------------------------|-------------|--------------------|-----------------------------------------------|--------------------------------|-----------------------------------------------|
| pr144.tsp    |  twice_around_tree |  Tempo de execuo: 0.0905311107635498 segundos    |  Uso de memria: 4.05859375 MB     |  Qualidade da soluo (distncia total): 80599.0   |
|--------------|--------------------|--------------------------------------------------|-----------------------------------|-------------------------------------------------|-------------|--------------------|-----------------------------------------------|--------------------------------|-----------------------------------------------|
| pr144.tsp    |  christofides      |  Tempo de execuo: 0.1400909423828125 segundos    |  Uso de memria: 3.859375 MB       |  Qualidade da soluo (distncia total): 70404.0   |
|--------------|--------------------|--------------------------------------------------|-----------------------------------|-------------------------------------------------|-------------|--------------------|-----------------------------------------------|--------------------------------|-----------------------------------------------|
| ch150.tsp    |  twice_around_tree |  Tempo de execuo: 0.11715149879455566 segundos   |  Uso de memria: 4.1875 MB         |  Qualidade da soluo (distncia total): 8347.0    |
|--------------|--------------------|--------------------------------------------------|-----------------------------------|-------------------------------------------------|-------------|--------------------|-----------------------------------------------|--------------------------------|-----------------------------------------------|
| ch150.tsp    |  christofides      |  Tempo de execuo: 0.31867408752441406 segundos   |  Uso de memria: 4.62890625 MB     |  Qualidade da soluo (distncia total): 7135.0    |
|--------------|--------------------|--------------------------------------------------|-----------------------------------|-------------------------------------------------|-------------|--------------------|-----------------------------------------------|--------------------------------|-----------------------------------------------|
| kroA150.tsp  |  twice_around_tree |  Tempo de execuo: 0.09374737739562988 segundos   |  Uso de memria: 4.21875 MB        |  Qualidade da soluo (distncia total): 35119.0   |
|--------------|--------------------|--------------------------------------------------|-----------------------------------|-------------------------------------------------|-------------|--------------------|-----------------------------------------------|--------------------------------|-----------------------------------------------|
| kroA150.tsp  |  christofides      |  Tempo de execuo: 0.7458550930023193 segundos    |  Uso de memria: 4.921875 MB       |  Qualidade da soluo (distncia total): 29688.0   |
|--------------|--------------------|--------------------------------------------------|-----------------------------------|-------------------------------------------------|-------------|--------------------|-----------------------------------------------|--------------------------------|-----------------------------------------------|
| kroB150.tsp  |  twice_around_tree |  Tempo de execuo: 0.10937738418579102 segundos   |  Uso de memria: 4.28515625 MB     |  Qualidade da soluo (distncia total): 36150.0   |
|--------------|--------------------|--------------------------------------------------|-----------------------------------|-------------------------------------------------|-------------|--------------------|-----------------------------------------------|--------------------------------|-----------------------------------------------|
| kroB150.tsp  |  christofides      |  Tempo de execuo: 0.6001486778259277 segundos    |  Uso de memria: 4.9140625 MB      |  Qualidade da soluo (distncia total): 30053.0   |
|--------------|--------------------|--------------------------------------------------|-----------------------------------|-------------------------------------------------|-------------|--------------------|-----------------------------------------------|--------------------------------|-----------------------------------------------|
| pr152.tsp    |  twice_around_tree |  Tempo de execuo: 0.12030506134033203 segundos   |  Uso de memria: 4.25390625 MB     |  Qualidade da soluo (distncia total): 87995.0   |
|--------------|--------------------|--------------------------------------------------|-----------------------------------|-------------------------------------------------|-------------|--------------------|-----------------------------------------------|--------------------------------|-----------------------------------------------|
| pr152.tsp    |  christofides      |  Tempo de execuo: 0.14290452003479004 segundos   |  Uso de memria: 4.25 MB           |  Qualidade da soluo (distncia total): 79311.0   |
|--------------|--------------------|--------------------------------------------------|-----------------------------------|-------------------------------------------------|-------------|--------------------|-----------------------------------------------|--------------------------------|-----------------------------------------------|
| u159.tsp     |  twice_around_tree |  Tempo de execuo: 0.12705731391906738 segundos   |  Uso de memria: 4.74609375 MB     |  Qualidade da soluo (distncia total): 57791.0   |
|--------------|--------------------|--------------------------------------------------|-----------------------------------|-------------------------------------------------|-------------|--------------------|-----------------------------------------------|--------------------------------|-----------------------------------------------|
| u159.tsp     |  christofides      |  Tempo de execuo: 0.3661172389984131 segundos    |  Uso de memria: 4.92578125 MB     |  Qualidade da soluo (distncia total): 47586.0   |
|--------------|--------------------|--------------------------------------------------|-----------------------------------|-------------------------------------------------|-------------|--------------------|-----------------------------------------------|--------------------------------|-----------------------------------------------|
| rat195.tsp   |  twice_around_tree |  Tempo de execuo: 0.2709944248199463 segundos    |  Uso de memria: 7.45703125 MB     |  Qualidade da soluo (distncia total): 3234.0    |
|--------------|--------------------|--------------------------------------------------|-----------------------------------|-------------------------------------------------|-------------|--------------------|-----------------------------------------------|--------------------------------|-----------------------------------------------|
| rat195.tsp   |  christofides      |  Tempo de execuo: 0.5780565738677979 segundos    |  Uso de memria: 8.015625 MB       |  Qualidade da soluo (distncia total): 2630.0    |
|--------------|--------------------|--------------------------------------------------|-----------------------------------|-------------------------------------------------|-------------|--------------------|-----------------------------------------------|--------------------------------|-----------------------------------------------|
| d198.tsp     |  twice_around_tree |  Tempo de execuo: 0.15625286102294922 segundos   |  Uso de memria: 7.80859375 MB     |  Qualidade da soluo (distncia total): 18936.0   |
|--------------|--------------------|--------------------------------------------------|-----------------------------------|-------------------------------------------------|-------------|--------------------|-----------------------------------------------|--------------------------------|-----------------------------------------------|
| d198.tsp     |  christofides      |  Tempo de execuo: 0.8694841861724854 segundos    |  Uso de memria: 8.68359375 MB     |  Qualidade da soluo (distncia total): 17347.0   |
|--------------|--------------------|--------------------------------------------------|-----------------------------------|-------------------------------------------------|-------------|--------------------|-----------------------------------------------|--------------------------------|-----------------------------------------------|
| kroA200.tsp  |  twice_around_tree |  Tempo de execuo: 0.15621662139892578 segundos   |  Uso de memria: 9.05859375 MB     |  Qualidade da soluo (distncia total): 40028.0   |
|--------------|--------------------|--------------------------------------------------|-----------------------------------|-------------------------------------------------|-------------|--------------------|-----------------------------------------------|--------------------------------|-----------------------------------------------|
| kroA200.tsp  |  christofides      |  Tempo de execuo: 1.042663335800171 segundos     |  Uso de memria: 8.98046875 MB     |  Qualidade da soluo (distncia total): 33232.0   |
|--------------|--------------------|--------------------------------------------------|-----------------------------------|-------------------------------------------------|-------------|--------------------|-----------------------------------------------|--------------------------------|-----------------------------------------------|
| kroB200.tsp  |  twice_around_tree |  Tempo de execuo: 0.16221284866333008 segundos   |  Uso de memria: 7.97265625 MB     |  Qualidade da soluo (distncia total): 40703.0   |
|--------------|--------------------|--------------------------------------------------|-----------------------------------|-------------------------------------------------|-------------|--------------------|-----------------------------------------------|--------------------------------|-----------------------------------------------|
| kroB200.tsp  |  christofides      |  Tempo de execuo: 0.7540261745452881 segundos    |  Uso de memria: 8.94921875 MB     |  Qualidade da soluo (distncia total): 33119.0   |
|--------------|--------------------|--------------------------------------------------|-----------------------------------|-------------------------------------------------|-------------|--------------------|-----------------------------------------------|--------------------------------|-----------------------------------------------|
| ts225.tsp    |  twice_around_tree |  Tempo de execuo: 0.17732739448547363 segundos   |  Uso de memria: 10.8828125 MB     |  Qualidade da soluo (distncia total): 188008.0  |
|--------------|--------------------|--------------------------------------------------|-----------------------------------|-------------------------------------------------|-------------|--------------------|-----------------------------------------------|--------------------------------|-----------------------------------------------|
| ts225.tsp    |  christofides      |  Tempo de execuo: 0.22472810745239258 segundos   |  Uso de memria: 11.05078125 MB    |  Qualidade da soluo (distncia total): 134282.0  |
|--------------|--------------------|--------------------------------------------------|-----------------------------------|-------------------------------------------------|-------------|--------------------|-----------------------------------------------|--------------------------------|-----------------------------------------------|
| tsp225.tsp   |  twice_around_tree |  Tempo de execuo: 0.18985939025878906 segundos   |  Uso de memria: 10.52734375 MB    |  Qualidade da soluo (distncia total): 5161.0    |
|--------------|--------------------|--------------------------------------------------|-----------------------------------|-------------------------------------------------|-------------|--------------------|-----------------------------------------------|--------------------------------|-----------------------------------------------|
| tsp225.tsp   |  christofides      |  Tempo de execuo: 0.5849764347076416 segundos    |  Uso de memria: 11.625 MB         |  Qualidade da soluo (distncia total): 4397.0    |
|--------------|--------------------|--------------------------------------------------|-----------------------------------|-------------------------------------------------|-------------|--------------------|-----------------------------------------------|--------------------------------|-----------------------------------------------|
| pr226.tsp    |  twice_around_tree |  Tempo de execuo: 0.19433379173278809 segundos   |  Uso de memria: 11.23046875 MB    |  Qualidade da soluo (distncia total): 116694.0  |
|--------------|--------------------|--------------------------------------------------|-----------------------------------|-------------------------------------------------|-------------|--------------------|-----------------------------------------------|--------------------------------|-----------------------------------------------|
| pr226.tsp    |  christofides      |  Tempo de execuo: 0.5272202491760254 segundos    |  Uso de memria: 11.17578125 MB    |  Qualidade da soluo (distncia total): 92415.0   |
|--------------|--------------------|--------------------------------------------------|-----------------------------------|-------------------------------------------------|-------------|--------------------|-----------------------------------------------|--------------------------------|-----------------------------------------------|
| gil262.tsp   |  twice_around_tree |  Tempo de execuo: 0.258059024810791 segundos     |  Uso de memria: 13.29296875 MB    |  Qualidade da soluo (distncia total): 3308.0    |
|--------------|--------------------|--------------------------------------------------|-----------------------------------|-------------------------------------------------|-------------|--------------------|-----------------------------------------------|--------------------------------|-----------------------------------------------|
| gil262.tsp   |  christofides      |  Tempo de execuo: 1.220771074295044 segundos     |  Uso de memria: 15.52734375 MB    |  Qualidade da soluo (distncia total): 2724.0    |
|--------------|--------------------|--------------------------------------------------|-----------------------------------|-------------------------------------------------|-------------|--------------------|-----------------------------------------------|--------------------------------|-----------------------------------------------|
| pr264.tsp    |  twice_around_tree |  Tempo de execuo: 0.23222756385803223 segundos   |  Uso de memria: 13.484375 MB      |  Qualidade da soluo (distncia total): 66470.0   |
|--------------|--------------------|--------------------------------------------------|-----------------------------------|-------------------------------------------------|-------------|--------------------|-----------------------------------------------|--------------------------------|-----------------------------------------------|
| pr264.tsp    |  christofides      |  Tempo de execuo: 0.6719141006469727 segundos    |  Uso de memria: 14.62109375 MB    |  Qualidade da soluo (distncia total): 54662.0   |
|--------------|--------------------|--------------------------------------------------|-----------------------------------|-------------------------------------------------|-------------|--------------------|-----------------------------------------------|--------------------------------|-----------------------------------------------|
| a280.tsp     |  twice_around_tree |  Tempo de execuo: 0.3285079002380371 segundos    |  Uso de memria: 15.0 MB           |  Qualidade da soluo (distncia total): 3592.0    |
|--------------|--------------------|--------------------------------------------------|-----------------------------------|-------------------------------------------------|-------------|--------------------|-----------------------------------------------|--------------------------------|-----------------------------------------------|
| a280.tsp     |  christofides      |  Tempo de execuo: 1.1448252201080322 segundos    |  Uso de memria: 16.05078125 MB    |  Qualidade da soluo (distncia total): 2928.0    |
|--------------|--------------------|--------------------------------------------------|-----------------------------------|-------------------------------------------------|-------------|--------------------|-----------------------------------------------|--------------------------------|-----------------------------------------------|
| pr299.tsp    |  twice_around_tree |  Tempo de execuo: 0.33565807342529297 segundos   |  Uso de memria: 16.50390625 MB    |  Qualidade da soluo (distncia total): 64645.0   |
|--------------|--------------------|--------------------------------------------------|-----------------------------------|-------------------------------------------------|-------------|--------------------|-----------------------------------------------|--------------------------------|-----------------------------------------------|
| pr299.tsp    |  christofides      |  Tempo de execuo: 1.7612199783325195 segundos    |  Uso de memria: 17.25390625 MB    |  Qualidade da soluo (distncia total): 52969.0   |
|--------------|--------------------|--------------------------------------------------|-----------------------------------|-------------------------------------------------|-------------|--------------------|-----------------------------------------------|--------------------------------|-----------------------------------------------|
| lin318.tsp   |  twice_around_tree |  Tempo de execuo: 0.4820883274078369 segundos    |  Uso de memria: 18.421875 MB      |  Qualidade da soluo (distncia total): 58138.0   |
|--------------|--------------------|--------------------------------------------------|-----------------------------------|-------------------------------------------------|-------------|--------------------|-----------------------------------------------|--------------------------------|-----------------------------------------------|
| lin318.tsp   |  christofides      |  Tempo de execuo: 2.1274921894073486 segundos    |  Uso de memria: 20.33984375 MB    |  Qualidade da soluo (distncia total): 47246.0   |
|--------------|--------------------|--------------------------------------------------|-----------------------------------|-------------------------------------------------|-------------|--------------------|-----------------------------------------------|--------------------------------|-----------------------------------------------|
| linhp318.tsp |  twice_around_tree |  Tempo de execuo: 0.389789342880249 segundos     |  Uso de memria: 18.8359375 MB     |  Qualidade da soluo (distncia total): 58138.0   |
|--------------|--------------------|--------------------------------------------------|-----------------------------------|-------------------------------------------------|-------------|--------------------|-----------------------------------------------|--------------------------------|-----------------------------------------------|
| linhp318.tsp |  christofides      |  Tempo de execuo: 2.5458669662475586 segundos    |  Uso de memria: 20.4296875 MB     |  Qualidade da soluo (distncia total): 47246.0   |
|--------------|--------------------|--------------------------------------------------|-----------------------------------|-------------------------------------------------|-------------|--------------------|-----------------------------------------------|--------------------------------|-----------------------------------------------|
| rd400.tsp    |  twice_around_tree |  Tempo de execuo: 0.7883317470550537 segundos    |  Uso de memria: 32.296875 MB      |  Qualidade da soluo (distncia total): 20331.0   |
|--------------|--------------------|--------------------------------------------------|-----------------------------------|-------------------------------------------------|-------------|--------------------|-----------------------------------------------|--------------------------------|-----------------------------------------------|
| rd400.tsp    |  christofides      |  Tempo de execuo: 5.232697010040283 segundos     |  Uso de memria: 35.828125 MB      |  Qualidade da soluo (distncia total): 17501.0   |
|--------------|--------------------|--------------------------------------------------|-----------------------------------|-------------------------------------------------|-------------|--------------------|-----------------------------------------------|--------------------------------|-----------------------------------------------|
| fl417.tsp    |  twice_around_tree |  Tempo de execuo: 0.9411828517913818 segundos    |  Uso de memria: 34.625 MB         |  Qualidade da soluo (distncia total): 16200.0   |
|--------------|--------------------|--------------------------------------------------|-----------------------------------|-------------------------------------------------|-------------|--------------------|-----------------------------------------------|--------------------------------|-----------------------------------------------|
| fl417.tsp    |  christofides      |  Tempo de execuo: 2.4249329566955566 segundos    |  Uso de memria: 34.73046875 MB    |  Qualidade da soluo (distncia total): 13175.0   |
|--------------|--------------------|--------------------------------------------------|-----------------------------------|-------------------------------------------------|-------------|--------------------|-----------------------------------------------|--------------------------------|-----------------------------------------------|
| pr439.tsp    |  twice_around_tree |  Tempo de execuo: 0.7729957103729248 segundos    |  Uso de memria: 39.13671875 MB    |  Qualidade da soluo (distncia total): 144623.0  |
|--------------|--------------------|--------------------------------------------------|-----------------------------------|-------------------------------------------------|-------------|--------------------|-----------------------------------------------|--------------------------------|-----------------------------------------------|
| pr439.tsp    |  christofides      |  Tempo de execuo: 4.0165932178497314 segundos    |  Uso de memria: 34.8203125 MB     |  Qualidade da soluo (distncia total): 119525.0  |
|--------------|--------------------|--------------------------------------------------|-----------------------------------|-------------------------------------------------|-------------|--------------------|-----------------------------------------------|--------------------------------|-----------------------------------------------|
| pcb442.tsp   |  twice_around_tree |  Tempo de execuo: 1.3215312957763672 segundos    |  Uso de memria: 40.234375 MB      |  Qualidade da soluo (distncia total): 69223.0   |
|--------------|--------------------|--------------------------------------------------|-----------------------------------|-------------------------------------------------|-------------|--------------------|-----------------------------------------------|--------------------------------|-----------------------------------------------|
| pcb442.tsp   |  christofides      |  Tempo de execuo: 6.013031005859375 segundos     |  Uso de memria: 39.85546875 MB    |  Qualidade da soluo (distncia total): 54868.0   |
|--------------|--------------------|--------------------------------------------------|-----------------------------------|-------------------------------------------------|-------------|--------------------|-----------------------------------------------|--------------------------------|-----------------------------------------------|
| d493.tsp     |  twice_around_tree |  Tempo de execuo: 1.278400182723999 segundos     |  Uso de memria: 44.2109375 MB     |  Qualidade da soluo (distncia total): 44884.0   |
|--------------|--------------------|--------------------------------------------------|-----------------------------------|-------------------------------------------------|-------------|--------------------|-----------------------------------------------|--------------------------------|-----------------------------------------------|
| d493.tsp     |  christofides      |  Tempo de execuo: 10.276641368865967 segundos    |  Uso de memria: 49.13671875 MB    |  Qualidade da soluo (distncia total): 38697.0   |  u574.tsp   |  twice_around_tree |  Tempo de execuo: 1.3283741474151611 segundos |  Uso de memria: 60.875 MB      |  Qualidade da soluo (distncia total): 48902.0 |
|--------------|--------------------|--------------------------------------------------|-----------------------------------|-------------------------------------------------|-------------|--------------------|-----------------------------------------------|--------------------------------|-----------------------------------------------|
| u574.tsp     |  christofides      |  Tempo de execuo: 9.509456634521484 segundos     |  Uso de memria: 63.58203125 MB    |  Qualidade da soluo (distncia total): 41424.0   |  rat575.tsp |  twice_around_tree |  Tempo de execuo: 1.3046159744262695 segundos |  Uso de memria: 59.12890625 MB |  Qualidade da soluo (distncia total): 9393.0  |
|--------------|--------------------|--------------------------------------------------|-----------------------------------|-------------------------------------------------|-------------|--------------------|-----------------------------------------------|--------------------------------|-----------------------------------------------|
| rat575.tsp   |  christofides      |  Tempo de execuo: 9.3036208152771 segundos       |  Uso de memria: 61.5703125 MB     |  Qualidade da soluo (distncia total): 7811.0    |  p654.tsp   |  twice_around_tree |  Tempo de execuo: 1.745330810546875 segundos  |  Uso de memria: 76.02734375 MB |  Qualidade da soluo (distncia total): 49699.0 |
|--------------|--------------------|--------------------------------------------------|-----------------------------------|-------------------------------------------------|-------------|--------------------|-----------------------------------------------|--------------------------------|-----------------------------------------------|
| p654.tsp     |  christofides      |  Tempo de execuo: 2.882143020629883 segundos     |  Uso de memria: 76.94140625 MB    |  Qualidade da soluo (distncia total): 39292.0   |
|--------------|--------------------|--------------------------------------------------|-----------------------------------|-------------------------------------------------|-------------|--------------------|-----------------------------------------------|--------------------------------|-----------------------------------------------|
| d657.tsp     |  twice_around_tree |  Tempo de execuo: 1.8494243621826172 segundos    |  Uso de memria: 83.9375 MB        |  Qualidade da soluo (distncia total): 66342.0   |
|--------------|--------------------|--------------------------------------------------|-----------------------------------|-------------------------------------------------|-------------|--------------------|-----------------------------------------------|--------------------------------|-----------------------------------------------|
| d657.tsp     |  christofides      |  Tempo de execuo: 16.49935531616211 segundos     |  Uso de memria: 86.74609375 MB    |  Qualidade da soluo (distncia total): 55007.0   |
|--------------|--------------------|--------------------------------------------------|-----------------------------------|-------------------------------------------------|-------------|--------------------|-----------------------------------------------|--------------------------------|-----------------------------------------------|
| u724.tsp     |  twice_around_tree |  Tempo de execuo: 3.097815990447998 segundos     |  Uso de memria: 100.98828125 MB   |  Qualidade da soluo (distncia total): 57721.0   |
|--------------|--------------------|--------------------------------------------------|-----------------------------------|-------------------------------------------------|-------------|--------------------|-----------------------------------------------|--------------------------------|-----------------------------------------------|
| u724.tsp     |  christofides      |  Tempo de execuo: 20.640677452087402 segundos    |  Uso de memria: 109.5234375 MB    |  Qualidade da soluo (distncia total): 47431.0   |
|--------------|--------------------|--------------------------------------------------|-----------------------------------|-------------------------------------------------|-------------|--------------------|-----------------------------------------------|--------------------------------|-----------------------------------------------|
| rat783.tsp   |  twice_around_tree |  Tempo de execuo: 2.62933611869812 segundos      |  Uso de memria: 114.82421875 MB   |  Qualidade da soluo (distncia total): 11921.0   |             |
|--------------|--------------------|--------------------------------------------------|-----------------------------------|-------------------------------------------------|-------------|--------------------|-----------------------------------------------|--------------------------------|-----------------------------------------------|
| rat783.tsp   |  christofides      |  Tempo de execuo: 22.411659717559814 segundos    |  Uso de memria: 130.0703125 MB    |  Qualidade da soluo (distncia total): 10036.0   |
|--------------|--------------------|--------------------------------------------------|-----------------------------------|-------------------------------------------------|-------------|--------------------|-----------------------------------------------|--------------------------------|-----------------------------------------------|
| pr1002.tsp   |  twice_around_tree |  Tempo de execuo: 4.761837005615234 segundos     |  Uso de memria: 175.8359375 MB    |  Qualidade da soluo (distncia total): 342216.0  |
|--------------|--------------------|--------------------------------------------------|-----------------------------------|-------------------------------------------------|-------------|--------------------|-----------------------------------------------|--------------------------------|-----------------------------------------------|
| pr1002.tsp   |  christofides      |  Tempo de execuo: 49.89134740829468 segundos     |  Uso de memria: 199.859375 MB     |  Qualidade da soluo (distncia total): 286203.0  |
|--------------|--------------------|--------------------------------------------------|-----------------------------------|-------------------------------------------------|-------------|--------------------|-----------------------------------------------|--------------------------------|-----------------------------------------------|
| u1060.tsp    |  twice_around_tree |  Tempo de execuo: 7.073614597320557 segundos     |  Uso de memria: 205.6015625 MB    |  Qualidade da soluo (distncia total): 305849.0  |
|--------------|--------------------|--------------------------------------------------|-----------------------------------|-------------------------------------------------|-------------|--------------------|-----------------------------------------------|--------------------------------|-----------------------------------------------|
| u1060.tsp    |  christofides      |  Tempo de execuo: 53.71830439567566 segundos     |  Uso de memria: 224.2890625 MB    |  Qualidade da soluo (distncia total): 249289.0  |
|--------------|--------------------|--------------------------------------------------|-----------------------------------|-------------------------------------------------|-------------|--------------------|-----------------------------------------------|--------------------------------|-----------------------------------------------|
| vm1084.tsp   |  twice_around_tree |  Tempo de execuo: 5.6143269538879395 segundos    |  Uso de memria: 221.11328125 MB   |  Qualidade da soluo (distncia total): 315277.0  |
|--------------|--------------------|--------------------------------------------------|-----------------------------------|-------------------------------------------------|-------------|--------------------|-----------------------------------------------|--------------------------------|-----------------------------------------------|
| vm1084.tsp   |  christofides      |  Tempo de execuo: 43.37251353263855 segundos     |  Uso de memria: 228.90625 MB      |  Qualidade da soluo (distncia total): 260770.0  |
|--------------|--------------------|--------------------------------------------------|-----------------------------------|-------------------------------------------------|-------------|--------------------|-----------------------------------------------|--------------------------------|-----------------------------------------------|
| pcb1173.tsp  |  twice_around_tree |  Tempo de execuo: 6.6502299308776855 segundos    |  Uso de memria: 240.703125 MB     |  Qualidade da soluo (distncia total): 80761.0   |
|--------------|--------------------|--------------------------------------------------|-----------------------------------|-------------------------------------------------|-------------|--------------------|-----------------------------------------------|--------------------------------|-----------------------------------------------|
| pcb1173.tsp  |  christofides      |  Tempo de execuo: 48.12723779678345 segundos     |  Uso de memria: 254.109375 MB     |  Qualidade da soluo (distncia total): 63767.0   |
|--------------|--------------------|--------------------------------------------------|-----------------------------------|-------------------------------------------------|-------------|--------------------|-----------------------------------------------|--------------------------------|-----------------------------------------------|
| d1291.tsp    |  twice_around_tree |  Tempo de execuo: 10.804388046264648 segundos    |  Uso de memria: 286.22265625 MB   |  Qualidade da soluo (distncia total): 75282.0   |
|--------------|--------------------|--------------------------------------------------|-----------------------------------|-------------------------------------------------|-------------|--------------------|-----------------------------------------------|--------------------------------|-----------------------------------------------|
| d1291.tsp    |  christofides      |  Tempo de execuo: 20.933788299560547 segundos    |  Uso de memria: 288.6953125 MB    |  Qualidade da soluo (distncia total): 57655.0   |
|--------------|--------------------|--------------------------------------------------|-----------------------------------|-------------------------------------------------|-------------|--------------------|-----------------------------------------------|--------------------------------|-----------------------------------------------|
| rl1304.tsp   |  twice_around_tree |  Tempo de execuo: 8.902010202407837 segundos     |  Uso de memria: 308.93359375 MB   |  Qualidade da soluo (distncia total): 348309.0  |
|--------------|--------------------|--------------------------------------------------|-----------------------------------|-------------------------------------------------|-------------|--------------------|-----------------------------------------------|--------------------------------|-----------------------------------------------|
| rl1304.tsp   |  christofides      |  Tempo de execuo: 26.70361328125 segundos        |  Uso de memria: 310.359375 MB     |  Qualidade da soluo (distncia total): 277037.0  |
|--------------|--------------------|--------------------------------------------------|-----------------------------------|-------------------------------------------------|-------------|--------------------|-----------------------------------------------|--------------------------------|-----------------------------------------------|
| rl1323.tsp   |  twice_around_tree |  Tempo de execuo: 9.0702805519104 segundos       |  Uso de memria: 321.328125 MB     |  Qualidade da soluo (distncia total): 380427.0  |
|--------------|--------------------|--------------------------------------------------|-----------------------------------|-------------------------------------------------|-------------|--------------------|-----------------------------------------------|--------------------------------|-----------------------------------------------|
| rl1323.tsp   |  christofides      |  Tempo de execuo: 21.320290088653564 segundos    |  Uso de memria: 323.7265625 MB    |  Qualidade da soluo (distncia total): 298272.0  |
|--------------|--------------------|--------------------------------------------------|-----------------------------------|-------------------------------------------------|-------------|--------------------|-----------------------------------------------|--------------------------------|-----------------------------------------------|
| nrw1379.tsp  |  twice_around_tree |  Tempo de execuo: 12.17990493774414 segundos     |  Uso de memria: 387.91015625 MB   |  Qualidade da soluo (distncia total): 79188.0   |
|--------------|--------------------|--------------------------------------------------|-----------------------------------|-------------------------------------------------|-------------|--------------------|-----------------------------------------------|--------------------------------|-----------------------------------------------|
| nrw1379.tsp  |  christofides      |  Tempo de execuo: 147.08468198776245 segundos    |  Uso de memria: 408.94140625 MB   |  Qualidade da soluo (distncia total): 63703.0   |
|--------------|--------------------|--------------------------------------------------|-----------------------------------|-------------------------------------------------|-------------|--------------------|-----------------------------------------------|--------------------------------|-----------------------------------------------|
| fl1400.tsp   |  twice_around_tree |  Tempo de execuo: 9.554164171218872 segundos     |  Uso de memria: 406.8671875 MB    |  Qualidade da soluo (distncia total): 28022.0   |
|--------------|--------------------|--------------------------------------------------|-----------------------------------|-------------------------------------------------|-------------|--------------------|-----------------------------------------------|--------------------------------|-----------------------------------------------|
| fl1400.tsp   |  christofides      |  Tempo de execuo: 159.67664456367493 segundos    |  Uso de memria: 455.27734375 MB   |  Qualidade da soluo (distncia total): 23005.0   |
|--------------|--------------------|--------------------------------------------------|-----------------------------------|-------------------------------------------------|-------------|--------------------|-----------------------------------------------|--------------------------------|-----------------------------------------------|
| u1432.tsp    |  twice_around_tree |  Tempo de execuo: 10.13672947883606 segundos     |  Uso de memria: 389.0703125 MB    |  Qualidade da soluo (distncia total): 214417.0  |
|--------------|--------------------|--------------------------------------------------|-----------------------------------|-------------------------------------------------|-------------|--------------------|-----------------------------------------------|--------------------------------|-----------------------------------------------|
| u1432.tsp    |  christofides      |  Tempo de execuo: 79.75553107261658 segundos     |  Uso de memria: 416.734375 MB     |  Qualidade da soluo (distncia total): 171469.0  |
|--------------|--------------------|--------------------------------------------------|-----------------------------------|-------------------------------------------------|-------------|--------------------|-----------------------------------------------|--------------------------------|-----------------------------------------------|
| fl1577.tsp   |  twice_around_tree |  Tempo de execuo: 13.593971729278564 segundos    |  Uso de memria: 411.22265625 MB   |  Qualidade da soluo (distncia total): 30257.0   |
|--------------|--------------------|--------------------------------------------------|-----------------------------------|-------------------------------------------------|-------------|--------------------|-----------------------------------------------|--------------------------------|-----------------------------------------------|
| fl1577.tsp   |  christofides      |  Tempo de execuo: 43.961637020111084 segundos    |  Uso de memria: 470.3203125 MB    |  Qualidade da soluo (distncia total): 24606.0   |
|--------------|--------------------|--------------------------------------------------|-----------------------------------|-------------------------------------------------|-------------|--------------------|-----------------------------------------------|--------------------------------|-----------------------------------------------|
| d1655.tsp    |  twice_around_tree |  Tempo de execuo: 17.302374839782715 segundos    |  Uso de memria: 500.265625 MB     |  Qualidade da soluo (distncia total): 85285.0   |
|--------------|--------------------|--------------------------------------------------|-----------------------------------|-------------------------------------------------|-------------|--------------------|-----------------------------------------------|--------------------------------|-----------------------------------------------|
| d1655.tsp    |  christofides      |  Tempo de execuo: 100.83222818374634 segundos    |  Uso de memria: 526.33984375 MB   |  Qualidade da soluo (distncia total): 69721.0   |
|--------------|--------------------|--------------------------------------------------|-----------------------------------|-------------------------------------------------|-------------|--------------------|-----------------------------------------------|--------------------------------|-----------------------------------------------|
| vm1748.tsp   |  twice_around_tree |  Tempo de execuo: 16.593135595321655 segundos    |  Uso de memria: 579.80859375 MB   |  Qualidade da soluo (distncia total): 442756.0  |
|--------------|--------------------|--------------------------------------------------|-----------------------------------|-------------------------------------------------|-------------|--------------------|-----------------------------------------------|--------------------------------|-----------------------------------------------|
| vm1748.tsp   |  christofides      |  Tempo de execuo: 147.69261121749878 segundos    |  Uso de memria: 586.78125 MB      |  Qualidade da soluo (distncia total): 376275.0  |
|--------------|--------------------|--------------------------------------------------|-----------------------------------|-------------------------------------------------|-------------|--------------------|-----------------------------------------------|--------------------------------|-----------------------------------------------|
| u1817.tsp    |  twice_around_tree |  Tempo de execuo: 18.07183599472046 segundos     |  Uso de memria: 593.484375 MB     |  Qualidade da soluo (distncia total): 82013.0   |
|--------------|--------------------|--------------------------------------------------|-----------------------------------|-------------------------------------------------|-------------|--------------------|-----------------------------------------------|--------------------------------|-----------------------------------------------|
| u1817.tsp    |  christofides      |  Tempo de execuo: 97.65887260437012 segundos     |  Uso de memria: 612.5078125 MB    |  Qualidade da soluo (distncia total): 66125.0   |
|--------------|--------------------|--------------------------------------------------|-----------------------------------|-------------------------------------------------|-------------|--------------------|-----------------------------------------------|--------------------------------|-----------------------------------------------|
| rl1889.tsp   |  twice_around_tree |  Tempo de execuo: 26.652684926986694 segundos    |  Uso de memria: 668.30859375 MB   |  Qualidade da soluo (distncia total): 448611.0  |
|--------------|--------------------|--------------------------------------------------|-----------------------------------|-------------------------------------------------|-------------|--------------------|-----------------------------------------------|--------------------------------|-----------------------------------------------|
| rl1889.tsp   |  christofides      |  Tempo de execuo: 74.67782020568848 segundos     |  Uso de memria: 613.1875 MB       |  Qualidade da soluo (distncia total): 344580.0  |
|--------------|--------------------|--------------------------------------------------|-----------------------------------|-------------------------------------------------|-------------|--------------------|-----------------------------------------------|--------------------------------|-----------------------------------------------|
| d2103.tsp    |  twice_around_tree |  Tempo de execuo: 27.273663997650146 segundos    |  Uso de memria: 775.50390625 MB   |  Qualidade da soluo (distncia total): 123086.0  |
|--------------|--------------------|--------------------------------------------------|-----------------------------------|-------------------------------------------------|-------------|--------------------|-----------------------------------------------|--------------------------------|-----------------------------------------------|
| d2103.tsp    |  christofides      |  Tempo de execuo: 28.196170330047607 segundos    |  Uso de memria: 776.41796875 MB   |  Qualidade da soluo (distncia total): 84209.0   |
|--------------|--------------------|--------------------------------------------------|-----------------------------------|-------------------------------------------------|-------------|--------------------|-----------------------------------------------|--------------------------------|-----------------------------------------------|
| u2152.tsp    |  twice_around_tree |  Tempo de execuo: 26.22672414779663 segundos     |  Uso de memria: 808.703125 MB     |  Qualidade da soluo (distncia total): 93801.0   |
|--------------|--------------------|--------------------------------------------------|-----------------------------------|-------------------------------------------------|-------------|--------------------|-----------------------------------------------|--------------------------------|-----------------------------------------------|
| u2152.tsp    |  christofides      |  Tempo de execuo: 161.7704141139984 segundos     |  Uso de memria: 834.78125 MB      |  Qualidade da soluo (distncia total): 72407.0   |
|--------------|--------------------|--------------------------------------------------|-----------------------------------|-------------------------------------------------|-------------|--------------------|-----------------------------------------------|--------------------------------|-----------------------------------------------|
| u2319.tsp    |  twice_around_tree |  Tempo de execuo: 34.15794062614441 segundos     |  Uso de memria: 911.046875 MB     |  Qualidade da soluo (distncia total): 320506.0  |
|--------------|--------------------|--------------------------------------------------|-----------------------------------|-------------------------------------------------|-------------|--------------------|-----------------------------------------------|--------------------------------|-----------------------------------------------|
| u2319.tsp    |  christofides      | Tempo de execuo: 622.4770214557648 segundos      |  Uso de memria: 1110.125 MB       |  Qualidade da soluo (distncia total): 271669.0  |
|--------------|--------------------|--------------------------------------------------|-----------------------------------|-------------------------------------------------|-------------|--------------------|-----------------------------------------------|--------------------------------|-----------------------------------------------|
| pr2392.tsp   |  twice_around_tree |  Tempo de execuo: 33.71323609352112 segundos     |  Uso de memria: 970.19921875 MB   |  Qualidade da soluo (distncia total): 523107.0  |
|--------------|--------------------|--------------------------------------------------|-----------------------------------|-------------------------------------------------|-------------|--------------------|-----------------------------------------------|--------------------------------|-----------------------------------------------|
| pr2392.tsp   |  christofides      | Tempo de execuo: 546.4919443130493 segundos      |  Uso de memria: 1068.984375 MB    |  Qualidade da soluo (distncia total): 425940.0  |
|--------------|--------------------|--------------------------------------------------|-----------------------------------|-------------------------------------------------|-------------|--------------------|-----------------------------------------------|--------------------------------|-----------------------------------------------|
| pcb3038.tsp  |  twice_around_tree |  Tempo de execuo: 57.61431169509888 segundos     |  Uso de memria: 1716.32421875 MB  |  Qualidade da soluo (distncia total): 197498.0  |
|--------------|--------------------|--------------------------------------------------|-----------------------------------|-------------------------------------------------|-------------|--------------------|-----------------------------------------------|--------------------------------|-----------------------------------------------|
| pcb3038.tsp  |  christofides      | Tempo de execuo: 900.7297370433807 segundos      |  Uso de memria: 1819.69140625 MB |  Qualidade da soluo (distncia total): 154670.0  |
|--------------|--------------------|--------------------------------------------------|-----------------------------------|-------------------------------------------------|-------------|--------------------|-----------------------------------------------|--------------------------------|-----------------------------------------------|
| fl3795.tsp   |  twice_around_tree |  Tempo de execuo: 104.85132050514221 segundos    |  Uso de memria: 2025.52734375 MB |  Qualidade da soluo (distncia total): 36256.0   |
|--------------|--------------------|--------------------------------------------------|-----------------------------------|-------------------------------------------------|-------------|--------------------|-----------------------------------------------|--------------------------------|-----------------------------------------------|
| fl3795.tsp   |  christofides      | Tempo de execuo: 1525.8957216739655 segundos     |  Uso de memria: 1906.484375 MB    |  Qualidade da soluo (distncia total): 31935.0   |
|--------------|--------------------|--------------------------------------------------|-----------------------------------|-------------------------------------------------|-------------|--------------------|-----------------------------------------------|--------------------------------|-----------------------------------------------|
| fnl4461.tsp  |  twice_around_tree |  Tempo de execuo: 153.94323134422302 segundos    |  Uso de memria: 2503.9140625 MB   |  Qualidade da soluo (distncia total): 255829.0  |             |
|--------------|--------------------|--------------------------------------------------|-----------------------------------|-------------------------------------------------|-------------|--------------------|-----------------------------------------------|--------------------------------|-----------------------------------------------|
| fnl4461.tsp  |  christofides      |  Timeout                                         |  1                                |
|--------------|--------------------|--------------------------------------------------|-----------------------------------|-------------------------------------------------|-------------|--------------------|-----------------------------------------------|--------------------------------|-----------------------------------------------|
| rl5915.tsp   |  twice_around_tree | Tempo de execuo: 613.1415395736694 segundos      |  Uso de memria: 3022.94140625 MB  |  Qualidade da soluo (distncia total): 842903.0  |
|--------------|--------------------|--------------------------------------------------|-----------------------------------|-------------------------------------------------|-------------|--------------------|-----------------------------------------------|--------------------------------|-----------------------------------------------|
| rl5934.tsp   |  twice_around_tree | Tempo de execuo: 644.7716906070709 segundos      |  Uso de memria: 3668.95703125 MB  |  Qualidade da soluo (distncia total): 817449.0  |
|--------------|--------------------|--------------------------------------------------|-----------------------------------|-------------------------------------------------|-------------|--------------------|-----------------------------------------------|--------------------------------|-----------------------------------------------|
| rl11849.tsp  |  twice_around_tree |  Timeout                                         |  1                                |
|--------------|--------------------|--------------------------------------------------|-----------------------------------|-------------------------------------------------|-------------|--------------------|-----------------------------------------------|--------------------------------|-----------------------------------------------|
